<?xml version="1.0"?>
<!--<!DOCTYPE metadata SYSTEM "http://www.esri.com/metadata/esriprof80.dtd">-->
<metadata xml:lang="zh"><Esri><MetaID>{8D3252E3-28FA-4EC6-B3A8-CC05A08DE1C5}</MetaID><CreaDate>20051218</CreaDate><CreaTime>17184800</CreaTime><SyncOnce>TRUE</SyncOnce><DataProperties><lineage><Process Name="ProjectRaster_25" ToolSource="C:\Program Files\ArcGIS\ArcToolbox\Toolboxes\Data Management Tools.tbx\ProjectRaster" Date="20051218" Time="171848">ProjectRaster D:\GISDATA\China400_US\hillshade\hillshade_10k D:\GISDATA\China400W_SuperMap\Lambert\HillShade "PROJCS['China_Lambert_Conformal_Conic',GEOGCS['GCS_Beijing_1954',DATUM['D_Beijing_1954',SPHEROID['Krasovsky_1940',6378245.0,298.3]],PRIMEM['Greenwich',0.0],UNIT['Degree',0.0174532925199433]],PROJECTION['Lambert_Conformal_Conic'],PARAMETER['False_Easting',0.0],PARAMETER['False_Northing',0.0],PARAMETER['Central_Meridian',105.0],PARAMETER['Standard_Parallel_1',30.0],PARAMETER['Standard_Parallel_2',62.0],PARAMETER['Latitude_Of_Origin',0.0],UNIT['Meter',1.0]];-17833851.876706 -14139885.980994 61.035156;0.000000 100000.000000;0.000000 100000.000000" NEAREST 10000</Process></lineage></DataProperties></Esri></metadata>
